{
  "_format": "hh-sol-cache-2",
  "files": {
    "E:\\Bot Works\\ArbitrageBot\\DEX-Arbitrage\\contracts\\Arb.sol": {
      "lastModificationDate": 1665767181976,
      "contentHash": "65a7ee719d23772cc77f060b023f43cc",
      "sourceName": "contracts/Arb.sol",
      "solcConfig": {
        "version": "0.8.7",
        "settings": {
          "optimizer": {
            "enabled": false,
            "runs": 200
          },
          "outputSelection": {
            "*": {
              "*": [
                "abi",
                "evm.bytecode",
                "evm.deployedBytecode",
                "evm.methodIdentifiers",
                "metadata"
              ],
              "": [
                "ast"
              ]
            }
          }
        }
      },
      "imports": [
        "@openzeppelin/contracts/access/Ownable.sol"
      ],
      "versionPragmas": [
        "^0.8.4"
      ],
      "artifacts": [
        "Arb",
        "IERC20",
        "IUniswapV2Pair",
        "IUniswapV2Router"
      ]
    },
    "E:\\Bot Works\\ArbitrageBot\\DEX-Arbitrage\\node_modules\\hardhat\\console.sol": {
      "lastModificationDate": 1665431954666,
      "contentHash": "cc4777addd464ea56fa35b1c45df0591",
      "sourceName": "hardhat/console.sol",
      "solcConfig": {
        "version": "0.8.7",
        "settings": {
          "optimizer": {
            "enabled": false,
            "runs": 200
          },
          "outputSelection": {
            "*": {
              "*": [
                "abi",
                "evm.bytecode",
                "evm.deployedBytecode",
                "evm.methodIdentifiers",
                "metadata"
              ],
              "": [
                "ast"
              ]
            }
          }
        }
      },
      "imports": [],
      "versionPragmas": [
        ">=0.4.22 <0.9.0"
      ],
      "artifacts": [
        "console"
      ]
    },
    "E:\\Bot Works\\ArbitrageBot\\DEX-Arbitrage\\node_modules\\@openzeppelin\\contracts\\access\\Ownable.sol": {
      "lastModificationDate": 1664366631450,
      "contentHash": "4fe56b59ced59d87df6b796758f62895",
      "sourceName": "@openzeppelin/contracts/access/Ownable.sol",
      "solcConfig": {
        "version": "0.8.7",
        "settings": {
          "optimizer": {
            "enabled": false,
            "runs": 200
          },
          "outputSelection": {
            "*": {
              "*": [
                "abi",
                "evm.bytecode",
                "evm.deployedBytecode",
                "evm.methodIdentifiers",
                "metadata"
              ],
              "": [
                "ast"
              ]
            }
          }
        }
      },
      "imports": [
        "../utils/Context.sol"
      ],
      "versionPragmas": [
        "^0.8.0"
      ],
      "artifacts": [
        "Ownable"
      ]
    },
    "E:\\Bot Works\\ArbitrageBot\\DEX-Arbitrage\\node_modules\\@openzeppelin\\contracts\\utils\\Context.sol": {
      "lastModificationDate": 1664366627587,
      "contentHash": "851485d5b925529b1a2f34a0be077891",
      "sourceName": "@openzeppelin/contracts/utils/Context.sol",
      "solcConfig": {
        "version": "0.8.7",
        "settings": {
          "optimizer": {
            "enabled": false,
            "runs": 200
          },
          "outputSelection": {
            "*": {
              "*": [
                "abi",
                "evm.bytecode",
                "evm.deployedBytecode",
                "evm.methodIdentifiers",
                "metadata"
              ],
              "": [
                "ast"
              ]
            }
          }
        }
      },
      "imports": [],
      "versionPragmas": [
        "^0.8.0"
      ],
      "artifacts": [
        "Context"
      ]
    },
    "E:\\Bot Works\\ArbitrageBot\\DEX-Arbitrage\\contracts\\InstaArb.sol": {
      "lastModificationDate": 1664366501993,
      "contentHash": "db38fdc492587048f1399eeac8af4af4",
      "sourceName": "contracts/InstaArb.sol",
      "solcConfig": {
        "version": "0.8.7",
        "settings": {
          "optimizer": {
            "enabled": false,
            "runs": 200
          },
          "outputSelection": {
            "*": {
              "*": [
                "abi",
                "evm.bytecode",
                "evm.deployedBytecode",
                "evm.methodIdentifiers",
                "metadata"
              ],
              "": [
                "ast"
              ]
            }
          }
        }
      },
      "imports": [
        "hardhat/console.sol",
        "@openzeppelin/contracts/access/Ownable.sol"
      ],
      "versionPragmas": [
        "^0.8.4"
      ],
      "artifacts": [
        "IERC20",
        "IUniswapV2Pair",
        "IUniswapV2Router",
        "InstaArb"
      ]
    },
    "E:\\Bot Works\\ArbitrageBot\\DEX-Arbitrage\\contracts\\WETH9.sol": {
      "lastModificationDate": 1664366501994,
      "contentHash": "7b17bc43254717e74be285fb289e713c",
      "sourceName": "contracts/WETH9.sol",
      "solcConfig": {
        "version": "0.7.6",
        "settings": {
          "optimizer": {
            "enabled": false,
            "runs": 200
          },
          "outputSelection": {
            "*": {
              "*": [
                "abi",
                "evm.bytecode",
                "evm.deployedBytecode",
                "evm.methodIdentifiers",
                "metadata"
              ],
              "": [
                "ast"
              ]
            }
          }
        }
      },
      "imports": [],
      "versionPragmas": [
        "^0.7.0"
      ],
      "artifacts": [
        "WETH9"
      ]
    }
  }
}
